POINTS,STATE,AGE,ASSETS,ACCOUNT_BALANCE,PRODUCT,HAS_CREDIT_CARD,ACTIVE,SALARY,LEFT,Female,Feminino,Male,Masculino,Not Informed
619,0,42,2,0,1,1,1,10134888.0,1,False,True,False,False,False
608,1,41,1,8380786,1,0,1,11254258.0,0,False,True,False,False,False
502,0,42,8,1596608,3,1,0,11393157.0,1,False,True,False,False,False
699,0,39,1,0,2,0,0,9382663.0,0,False,True,False,False,False
850,1,43,2,12551082,1,1,1,790841.0,0,False,True,False,False,False
645,1,44,8,11375578,2,1,0,14975671.0,1,False,False,False,True,False
822,0,50,7,0,2,1,1,100628.0,0,False,False,True,False,False
501,0,44,4,14205107,2,0,1,749405.0,0,False,False,False,True,False
684,0,27,2,13460388,1,1,1,7172573.0,0,False,False,False,True,False
528,0,31,6,10201672,2,0,0,8018112.0,0,False,False,False,True,False
497,1,24,3,0,2,1,0,7639001.0,0,False,False,False,True,False
476,0,34,10,0,2,1,0,2626098.0,0,False,True,False,False,False
549,0,25,5,0,2,0,0,19085779.0,0,False,True,False,False,False
635,1,35,7,0,2,1,1,6595165.0,0,False,True,False,False,False
616,1,45,3,14312941,2,0,1,6432726.0,0,False,False,True,False,False
653,1,58,1,13260288,1,1,0,509767.0,1,False,False,False,True,False
549,1,24,9,0,2,1,1,8703249.5,0,False,True,False,False,False
587,1,45,6,0,1,0,0,15868481.0,0,False,False,False,True,False
726,0,24,6,0,2,1,1,5472403.0,0,False,True,False,False,False
732,0,41,8,0,2,1,1,17088617.0,0,False,False,True,False,False
636,1,32,8,0,2,1,0,13855546.0,0,False,True,False,False,False
510,5,38,4,0,1,1,0,11891353.0,1,False,True,False,False,False
669,0,46,3,0,2,0,1,848775.0,0,False,False,False,True,False
846,0,38,5,0,1,1,1,18761616.0,0,False,True,False,False,False
577,0,25,3,0,2,0,1,12450829.0,0,False,False,False,True,False
756,1,36,2,13681564,1,1,1,17004195.0,0,False,False,False,True,False
571,2,44,9,0,2,0,0,10000.0,0,False,False,False,True,False
574,5,43,3,14134943,1,1,1,10018743.0,0,False,True,False,False,False
411,2,29,0,5969717,2,1,1,5348321.0,0,False,False,False,True,False
591,1,39,3,0,3,1,0,14046938.0,1,False,True,False,False,False
533,2,36,7,853117,1,0,1,15673191.0,0,False,False,False,True,False
553,3,41,9,11011254,2,0,0,8189881.0,0,False,False,False,True,False
520,1,42,6,0,2,1,1,3441055.0,0,False,True,False,False,False
722,1,29,9,0,2,1,1,14203307.0,0,False,True,False,False,False
475,2,45,0,13426404,1,1,0,2782299.0,1,False,True,False,False,False
490,1,31,3,14526023,1,0,1,11406677.0,0,False,False,False,True,False
804,1,33,7,765486,1,0,1,9845345.0,0,False,False,False,True,False
850,2,36,7,0,1,1,1,408129.0,0,False,False,False,True,False
582,1,41,6,7034948,2,0,1,17807404.0,0,False,False,False,True,False
472,1,40,4,0,1,1,0,7015422.0,0,False,False,False,True,False
465,2,51,8,12252232,1,0,0,18129765.0,1,False,True,False,False,False
556,2,61,2,11741935,1,1,1,9415383.0,0,False,True,False,False,False
834,2,49,2,13139456,1,0,0,19436576.0,1,False,True,False,False,False
660,1,61,5,15593111,1,1,1,15833839.0,0,False,True,False,False,False
776,1,32,4,10942113,2,1,1,12651746.0,0,False,True,False,False,False
829,1,27,9,11204567,1,1,1,11970821.0,1,False,True,False,False,False
637,1,39,9,1378438,1,1,1,1176228.0,1,False,True,False,False,False
550,1,38,2,10339138,1,0,1,9087813.0,0,False,False,False,True,False
776,1,37,2,10376922,2,1,0,19409912.0,0,False,True,False,False,False
698,1,44,10,11636337,2,1,0,19805916.0,0,False,False,False,True,False
585,1,36,5,14605097,2,0,0,8642457.0,0,False,False,False,True,False
788,2,33,5,0,2,0,0,8703249.5,0,False,True,False,False,False
655,1,41,8,12556197,1,0,0,16404094.0,1,False,False,False,True,False
601,1,42,1,9849572,1,1,0,4001476.0,1,False,False,False,True,False
619,5,43,1,12521192,1,1,1,11341049.0,0,False,False,False,True,False
656,2,45,5,1278644,1,1,0,8710757.0,0,False,False,False,True,False
725,1,19,0,758882,1,0,0,4561375.0,0,False,False,False,True,False
614,2,51,4,4068592,1,1,1,4677528.0,0,False,False,False,True,False
742,3,35,5,136857,1,0,0,8450957.0,0,False,False,False,True,False
687,3,27,9,15232888,2,0,0,12649482.0,0,False,True,False,False,False
555,3,33,1,5608469,2,0,0,17879813.0,0,False,False,False,True,False
684,3,56,8,7870716,1,1,1,9939836.0,0,False,False,False,True,False
603,3,26,4,10916637,1,1,1,9284067.0,0,False,False,False,False,True
751,3,36,6,16983146,2,1,1,2775836.0,0,False,True,False,False,False
581,3,34,1,10163304,1,1,0,11043151.0,0,False,True,False,False,False
735,1,43,10,12318001,2,1,1,19667328.0,0,False,False,False,True,False
661,1,35,5,15072553,2,0,1,11365685.0,0,False,True,False,False,False
675,2,21,8,9837326,1,1,0,18203.0,0,False,True,False,False,False
738,1,58,2,13374544,4,1,0,2837386.0,1,False,False,False,True,False
813,2,29,6,0,1,1,0,3395387.0,0,False,False,False,True,False
657,1,37,0,16360718,1,0,1,4420355.0,0,False,True,False,False,False
604,1,25,5,15778084,2,1,1,5842681.0,0,False,True,False,False,False
519,2,36,9,0,2,0,1,1455624.0,0,False,False,False,True,False
735,5,21,1,17871819,2,1,0,22388.0,0,False,True,False,False,False
664,2,55,8,0,2,1,1,13916164.0,0,False,False,False,True,False
678,2,32,9,0,1,1,1,14821064.0,0,False,True,False,False,False
757,1,33,5,7725322,1,0,1,19423963.0,0,False,False,False,True,False
416,1,41,10,12218966,2,1,0,9830161.0,0,False,True,False,False,False
665,2,34,1,9664554,2,0,0,17141366.0,0,False,True,False,False,False
543,2,36,3,0,2,0,0,2601959.0,0,False,True,False,False,False
506,2,34,4,9030762,1,1,1,15923529.0,0,False,True,False,False,False
493,2,46,4,0,2,1,0,190766.0,0,False,False,False,False,True
750,1,22,3,12168182,1,1,0,12864335.0,1,False,False,False,True,False
729,2,30,9,0,2,1,0,15186935.0,0,False,False,False,True,False
646,2,46,4,0,3,1,0,9325142.0,1,False,True,False,False,False
635,1,28,3,8162367,2,1,1,15679136.0,0,False,True,False,False,False
647,1,44,5,0,3,1,1,17420522.0,1,False,True,False,False,False
808,2,45,7,11862655,2,1,0,14713246.0,0,False,False,False,True,False
524,2,36,10,0,2,1,0,10961457.0,0,False,True,False,False,False
769,3,29,8,0,2,1,1,17229061.0,0,False,False,False,True,False
730,1,42,4,0,2,0,1,8598247.0,0,False,False,False,True,False
515,1,35,10,17627395,1,0,1,12127778.0,0,False,False,False,True,False
773,1,41,9,10282744,1,0,1,6459525.0,0,False,False,False,True,False
814,1,29,8,970864,2,1,1,19727613.0,0,False,False,False,True,False
710,1,22,8,0,2,0,0,9964504.0,0,False,False,False,True,False
413,2,34,9,0,2,0,0,653418.0,0,False,False,False,True,False
665,2,40,6,0,1,1,1,16184803.0,0,False,True,False,False,False
623,2,44,6,0,2,0,0,16716243.0,0,False,True,False,False,False
738,2,31,9,8267415,1,1,0,4197072.0,0,False,False,False,True,False
528,1,36,7,0,2,1,0,6053656.0,0,False,False,False,True,False
622,1,46,4,10707327,2,1,1,3098459.0,1,False,True,False,False,False
582,1,32,1,8893862,1,1,1,1005453.0,0,False,False,False,True,False
785,1,36,2,9980685,1,0,1,3697652.0,0,False,True,False,False,False
605,1,33,5,1500928,1,0,0,7186279.0,0,False,False,False,True,False
479,1,35,9,9283389,1,1,0,9944986.0,1,False,False,False,True,False
685,1,30,3,9053681,1,0,1,6308288.0,0,False,False,False,True,False
538,1,39,7,1080551,2,1,0,2723126.0,0,False,False,False,True,False
562,2,42,2,10023835,1,0,0,8679741.0,0,False,False,False,True,False
675,1,36,9,10619055,1,0,1,2299432.0,0,False,False,False,True,False
721,1,28,9,15447554,2,0,1,10130094.0,1,False,False,False,True,False
628,1,30,9,13235129,2,1,1,7416913.0,0,False,True,False,False,False
506,2,41,1,0,2,1,0,317663.0,0,False,True,False,False,False
524,1,31,8,10781863,1,1,0,19972539.0,1,False,True,False,False,False
699,1,34,4,18517381,2,1,0,12083448.0,0,False,False,True,False,False
828,2,34,8,12943334,2,0,0,3813177.0,0,False,False,False,True,False
674,1,39,6,12019342,1,0,0,10013095.0,0,False,False,False,True,False
656,2,39,6,0,2,1,0,14106988.0,0,False,True,False,False,False
684,1,48,10,12638442,1,1,1,19812936.0,0,False,True,False,False,False
625,2,28,3,0,1,0,0,18364641.0,0,False,True,False,False,False
432,2,42,9,15260345,1,1,0,11026524.0,1,False,False,False,True,False
549,2,52,1,0,1,0,1,863605.0,1,False,True,False,False,False
625,1,56,0,14850724,1,1,0,4682408.0,1,False,False,False,True,False
828,2,41,7,0,2,1,0,17137877.0,0,False,True,False,False,False
770,2,24,9,10182707,1,1,0,16725635.0,0,False,False,False,True,False
758,2,34,3,0,2,1,1,12422616.0,0,False,True,False,False,False
795,1,33,9,13086243,1,1,1,11493521.0,0,True,False,False,False,False
687,2,38,9,12257087,1,1,1,3560888.0,0,False,False,False,True,False
686,2,25,1,0,2,0,1,1645937.0,0,False,False,False,True,False
789,4,39,7,12482846,2,1,1,12441108.0,0,False,False,False,True,False
589,4,50,5,14489505,2,1,1,3494123.0,0,False,True,False,False,False
461,4,34,5,6366393,1,0,1,16778428.0,0,False,True,False,False,False
637,4,40,2,1334631,1,0,1,9316534.0,0,False,False,False,True,False
584,1,48,2,2131462,1,1,0,7516125.0,1,False,True,False,False,False
579,1,35,1,12949036,2,0,1,859083.0,1,False,True,False,False,False
756,1,44,10,13745209,1,1,0,1895439.0,0,False,False,False,True,False
663,2,34,7,0,2,1,1,18042724.0,0,True,False,False,False,False
682,2,43,5,12585193,1,1,1,19331833.0,0,False,True,False,False,False
793,1,52,2,0,1,1,0,15912382.0,1,False,False,False,True,False
691,2,31,5,4091555,1,1,0,12621384.0,1,False,True,False,False,False
485,1,21,5,11315722,1,1,1,541415.0,0,False,True,False,False,False
635,1,29,8,13829694,2,1,0,14107551.0,0,False,True,False,False,False
650,2,37,5,10696718,1,0,0,2449503.0,0,False,False,False,True,False
735,2,44,9,12068163,1,1,0,7483634.0,0,False,False,False,True,False
416,2,32,0,0,2,0,1,87887.0,0,False,False,False,True,False
754,1,32,7,0,2,1,0,8952075.0,0,False,True,False,False,False
535,2,48,9,0,1,1,0,14989279.0,1,False,True,False,False,False
716,1,42,8,0,2,1,0,18080042.0,0,False,False,False,True,False
539,2,37,2,12760959,1,1,0,9864622.0,0,False,False,False,True,False
614,2,43,6,0,2,1,1,10904153.0,0,False,True,False,False,False
706,1,57,7,0,1,1,0,1794116.0,1,False,False,False,True,False
758,2,33,7,0,2,0,0,8299647.0,0,False,True,False,False,False
586,1,28,2,0,2,1,1,9206735.0,0,False,True,False,False,False
631,1,33,4,1232467,1,0,0,11268757.0,0,False,True,False,False,False
717,1,22,6,10106025,1,0,1,8469956.0,0,False,True,False,False,False
684,2,30,2,0,2,1,0,8347382.0,0,False,False,False,True,False
800,2,49,7,10800736,1,0,0,4712511.0,0,False,True,False,False,False
721,1,36,2,0,2,1,1,1069778.0,0,False,True,False,False,False
683,1,29,0,13370289,1,1,0,5558254.0,1,False,False,False,True,False
660,1,31,9,12518975,2,1,1,13987443.0,0,False,False,False,True,False
704,1,24,7,11303422,1,1,0,16250348.0,1,False,True,False,False,False
615,1,41,9,10901323,1,1,0,19649996.0,0,False,True,False,False,False
667,1,39,2,0,2,1,0,4072124.0,1,False,True,False,False,False
682,1,24,9,5792981,2,0,0,531343.0,0,False,False,False,True,False
628,1,27,5,9582649,2,1,0,15599696.0,0,False,False,False,True,False
480,1,44,10,12960857,1,1,0,54727.0,1,False,False,False,True,False
578,2,30,4,16946209,1,1,0,11218711.0,0,False,False,False,True,False
512,2,40,5,0,2,1,1,14645783.0,0,False,False,False,True,False
484,1,35,7,13386821,1,1,1,272861.0,0,False,True,False,False,False
510,2,30,0,0,2,1,1,13055347.0,0,False,True,False,False,False
606,1,36,5,19047948,2,0,0,17935189.0,0,False,False,False,True,False
597,1,40,8,10199312,1,0,1,9477412.0,0,False,True,False,False,False
754,1,55,3,16160881,1,1,0,8703249.5,1,False,True,False,False,False
850,1,45,2,12231121,1,1,1,194825.0,0,False,True,False,False,False
778,1,45,1,16215042,2,1,0,17453127.0,0,False,True,False,False,False
636,2,42,2,0,2,1,1,5547078.0,0,False,False,False,True,False
804,2,50,4,0,1,1,1,854687.0,1,False,True,False,False,False
514,2,32,8,0,2,1,0,9585718.0,0,False,False,False,True,False
730,2,39,1,9901067,1,1,0,1949458.0,0,False,True,False,False,False
525,1,37,0,0,1,0,1,13152172.0,0,False,True,False,False,False
616,1,30,5,0,2,0,1,19610851.0,0,False,False,False,True,False
687,1,34,7,11138818,2,1,0,14856476.0,0,False,True,False,False,False
715,2,41,8,5621485,2,0,0,9298261.0,1,False,True,False,False,False
512,2,36,3,8432777,2,1,0,1767536.0,0,False,True,False,False,False
479,2,40,1,0,2,0,0,11499643.0,0,False,False,False,True,False
601,2,32,8,9301289,1,1,0,8695742.0,0,False,False,False,True,False
580,1,29,9,6171044,2,1,0,1280778.0,0,False,False,False,True,False
807,2,35,3,17479015,1,1,1,60036.0,0,False,False,False,True,False
616,1,32,6,0,2,1,1,4300146.0,0,False,True,False,False,False
721,1,37,3,10772064,1,1,1,15859112.0,0,False,False,False,True,False
501,2,57,10,0,2,1,1,4784719.0,0,False,False,False,True,False
521,2,35,6,9642384,1,1,0,1048844.0,0,False,False,False,True,False
850,1,30,2,14104001,1,1,1,59782.0,0,False,False,False,True,False
759,2,42,4,10542018,1,0,1,12140906.0,0,False,False,False,True,False
516,1,50,5,0,1,0,1,14614593.0,1,False,False,False,True,False
711,2,38,2,12902206,2,1,1,1437486.0,1,False,True,False,False,False
512,1,33,3,17666662,1,1,0,9467077.0,0,False,False,False,True,False
550,2,37,3,0,1,1,1,17967031.0,0,False,False,False,True,False
608,1,41,3,8976384,1,0,0,19930474.0,1,False,True,False,False,False
618,2,34,5,13495453,1,1,1,15195439.0,0,False,False,False,True,False
643,2,45,5,0,1,1,0,1425135.0,1,False,False,False,True,False
671,2,45,2,10637685,1,0,1,15826462.0,0,False,False,False,True,False
689,1,33,2,16181464,2,1,0,1693819.0,0,False,False,False,True,False
603,2,31,8,0,2,1,1,16991502.0,0,False,False,False,True,False
620,2,41,9,0,2,0,0,8885247.0,0,False,True,False,False,False
676,2,34,1,6309501,1,1,1,4064581.0,0,False,False,False,False,True
572,1,26,4,11828701,2,0,0,604273.0,0,False,False,False,True,False
668,1,47,7,10685421,1,0,1,15795902.0,1,False,False,False,True,False
695,2,46,7,4951255,1,1,0,13300734.0,0,False,False,False,True,False
730,1,33,9,0,2,0,0,17657662.0,0,False,True,False,False,False
807,2,43,1,10579932,2,1,0,3488804.0,1,False,False,False,True,False
592,2,54,8,0,1,1,1,2873771.0,1,False,False,False,True,False
726,2,31,9,11472205,2,1,1,9817857.0,0,False,True,False,False,False
514,1,30,7,0,1,0,1,12501024.0,0,False,False,False,True,False
567,2,42,2,0,2,1,1,16798461.0,0,False,False,False,True,False
850,2,33,10,0,1,1,0,486172.0,1,False,False,False,True,False
671,1,45,6,9956422,1,1,1,10887245.0,1,False,False,False,True,False
670,2,37,4,17055791,2,1,0,19825288.0,0,False,False,False,True,False
694,2,30,9,0,2,1,1,2696031.0,0,False,True,False,False,False
547,1,39,6,7459615,3,1,1,8574652.0,1,False,True,False,False,False
751,1,50,2,9688839,1,1,0,7720625.0,1,False,False,False,True,False
594,1,29,3,13083022,1,1,0,6104853.0,0,False,True,False,False,False
610,2,40,0,0,2,1,0,622326.0,0,False,False,False,True,False
512,2,37,1,0,2,0,1,15610503.0,0,False,True,False,False,False
767,1,20,3,11971425,2,0,1,15013538.0,0,False,False,False,True,False
763,1,42,6,10016075,1,1,0,3346294.0,1,False,False,False,True,False
712,2,29,2,0,1,1,1,144375.0,0,False,True,False,False,False
539,1,43,3,1162205,3,1,0,5580396.0,1,False,True,False,False,False
668,2,46,2,0,3,1,0,8904846.0,1,False,True,False,False,False
703,2,28,2,8117383,2,0,1,16281216.0,0,False,False,False,True,False
662,1,38,4,0,2,1,0,13625965.0,0,False,False,False,True,False
725,1,39,5,1168038,1,1,0,12405297.0,0,False,True,False,False,False
703,2,37,8,10596168,2,0,1,10000.0,0,False,False,False,True,False
523,1,34,7,0,2,1,0,6203006.0,0,False,False,False,True,False
635,2,40,10,12349758,1,1,0,13195323.0,1,False,True,False,False,False
772,1,26,7,15240051,2,1,0,79414.0,0,False,False,False,True,False
545,2,26,1,0,2,1,1,19963856.0,0,False,True,False,False,False
634,1,24,8,10309785,1,1,1,15757729.0,0,False,False,False,True,False
739,1,54,8,12641814,1,1,0,13442075.0,1,False,False,False,True,False
771,1,36,5,778469,1,0,0,9980599.0,0,False,True,False,False,False
587,1,34,1,0,2,1,1,9793268.0,0,False,True,False,False,False
544,1,37,2,7973191,1,1,1,5755895.0,0,False,False,False,True,False
696,1,28,8,0,1,0,0,17671347.0,0,False,False,False,True,False
766,1,41,0,0,2,0,1,3428323.0,0,False,False,False,True,False
727,2,34,10,0,2,1,1,19863734.0,0,False,False,False,True,False
671,1,34,6,3726667,2,0,0,15691712.0,0,False,True,False,False,False
693,2,30,6,12799225,1,1,1,504572.0,0,False,True,False,False,False
850,1,38,3,5490101,1,1,1,14007555.0,0,False,False,False,True,False
732,1,42,9,10874808,2,1,1,6532311.0,0,False,False,False,True,False
726,1,48,6,9990619,1,1,0,6432324.0,0,False,True,False,False,False
557,2,32,6,18468641,2,1,0,1495644.0,0,False,True,False,False,False
682,2,26,0,11065402,1,0,1,11187921.0,0,False,True,False,False,False
738,1,31,9,790198,1,1,1,1860623.0,0,False,False,False,True,False
531,1,36,9,9924051,1,1,0,12313701.0,0,False,True,False,False,False
498,2,34,2,0,2,1,1,14852824.0,0,False,False,False,True,False
651,2,36,7,0,2,1,0,1389831.0,0,False,False,False,True,False
549,1,39,7,0,1,0,0,8125925.0,1,False,True,False,False,False
791,1,35,7,524362,1,1,0,16105175.0,0,False,True,False,False,False
650,1,41,9,0,2,0,1,19159967.0,0,False,False,False,True,False
733,1,34,3,10033796,3,1,0,4855919.0,1,False,False,False,True,False
811,1,34,1,14929719,2,1,1,18633974.0,0,False,True,False,False,False
707,2,30,8,0,2,1,0,3315937.0,0,False,False,False,True,False
712,1,28,4,14560544,1,0,1,9388353.0,0,False,False,False,True,False
706,1,37,7,0,2,1,1,1108993.0,0,False,True,False,False,False
756,2,62,3,0,1,1,1,1119904.0,1,False,False,False,True,False
777,2,53,10,0,2,1,0,10000.0,0,False,True,False,False,False
646,2,35,6,8402686,1,0,1,16425569.0,0,False,False,False,True,False
714,2,46,1,0,1,1,0,15216779.0,1,False,False,False,True,False
782,2,39,8,0,2,1,1,3394967.0,0,False,False,False,True,False
775,1,29,10,0,2,1,1,6814393.0,0,False,False,False,True,False
479,1,35,4,13871892,1,1,1,4725179.0,1,False,False,False,True,False
807,2,42,7,11827471,1,1,1,2588572.0,0,False,False,False,True,False
799,2,22,8,17418598,2,0,1,19263385.0,0,False,True,False,False,False
675,2,40,7,11320886,2,1,0,3457736.0,0,False,False,False,True,False
602,1,29,5,10390728,1,1,0,16122984.0,0,False,False,False,True,False
475,2,32,8,11902328,1,1,0,10081629.0,0,False,True,False,False,False
744,1,26,5,16629789,1,1,1,18169444.0,0,False,True,False,False,False
588,1,34,10,0,2,1,0,7907891.0,0,False,False,False,True,False
703,1,42,9,63227,1,0,1,13731632.0,0,False,False,False,True,False
747,1,41,5,9452117,2,1,0,19492686.0,0,False,True,False,False,False
583,2,27,7,0,2,1,0,5128549.0,0,False,False,False,True,False
750,1,34,9,11282226,1,0,0,15040153.0,1,False,True,False,False,False
681,2,38,3,0,2,1,1,11249196.0,0,False,False,False,True,False
773,2,25,2,13590333,1,1,0,7365638.0,0,False,False,False,True,False
714,2,31,4,12516926,1,1,1,10663689.0,0,False,False,False,False,True
687,1,44,7,0,3,1,0,15585352.0,1,False,True,False,False,False
511,2,58,0,14911731,1,1,1,16259951.0,0,False,False,False,True,False
627,2,33,5,0,2,1,1,10373782.0,0,False,False,False,True,False
694,2,31,10,0,2,1,0,16099027.0,0,False,True,False,False,False
616,1,36,6,13231171,1,0,0,1546284.0,0,False,True,False,False,False
687,2,35,8,0,2,1,0,1033405.0,0,False,False,False,True,False
712,2,33,6,0,2,1,1,19068616.0,0,False,True,False,False,False
553,2,33,4,11808289,1,0,0,9444045.0,0,False,False,False,True,False
667,2,31,1,11926669,1,1,1,2825763.0,0,False,False,False,True,False
731,2,43,2,0,1,1,1,17003495.0,1,False,False,False,True,False
629,1,35,7,15684729,2,1,0,3182429.0,0,False,False,False,True,False
614,2,50,4,13710447,1,1,0,12716649.0,1,False,False,False,True,False
438,1,31,8,7839869,1,1,0,4493701.0,0,False,False,False,True,False
729,1,30,6,6366942,1,1,0,14511137.0,0,False,False,False,True,False
642,2,38,3,0,2,0,0,17146383.0,0,False,False,False,True,False
806,1,59,0,13529633,1,1,0,1828225.0,0,False,True,False,False,False
744,1,36,2,15380444,1,1,1,10000.0,0,False,False,False,True,False
474,1,37,3,0,2,0,0,5717532.0,0,False,False,False,True,False
559,2,49,2,14706978,1,1,0,12054083.0,1,False,False,False,True,False
706,1,42,9,0,2,1,1,2871434.0,0,False,False,False,True,False
628,1,22,3,0,1,1,0,8542628.0,0,False,True,False,False,False
429,2,24,4,9574175,1,1,0,4617075.0,0,False,False,False,True,False
525,1,57,2,14596533,1,1,1,6444836.0,0,False,True,False,False,False
680,2,30,8,14144175,1,1,1,1627897.0,0,False,True,False,False,False
749,2,40,1,13929041,1,1,0,18285542.0,1,False,False,False,True,False
763,2,31,4,0,2,0,0,5040472.0,0,False,True,False,False,False
734,2,30,3,0,2,1,0,10764025.0,0,False,False,False,True,False
716,2,35,4,14442887,1,1,0,13413265.0,0,False,False,False,True,False
594,2,35,2,0,2,1,0,10348069.0,0,False,False,False,True,False
644,2,46,9,9544127,1,1,0,10876105.0,1,False,True,False,False,False
671,1,35,1,14484874,1,1,1,1790123.0,0,False,False,False,True,False
664,1,26,7,11624414,2,1,1,9514514.0,0,False,False,False,True,False
656,2,50,7,0,2,0,1,8703249.5,0,False,False,False,True,False
667,1,40,1,14650207,1,1,0,1916289.0,0,False,True,False,False,False
663,1,44,2,1170286,2,0,1,14468018.0,0,False,False,False,True,False
584,1,30,8,11201381,1,1,0,17777203.0,1,False,True,False,False,False
626,1,37,6,10826937,1,1,0,559794.0,0,False,True,False,False,False
485,2,29,7,18212379,1,1,0,11682851.0,1,False,False,False,True,False
659,1,32,3,15092374,2,0,1,17465251.0,0,False,True,False,False,False
649,2,33,2,0,2,1,0,201098.0,0,False,False,False,True,False
805,1,39,5,16527213,1,1,0,1410985.0,1,False,True,False,False,False
716,1,39,10,11530131,1,1,0,435274.0,1,False,True,False,False,False
642,1,40,6,12950249,2,0,1,8609923.0,1,False,True,False,False,False
659,2,31,4,11834226,1,0,0,16157419.0,0,False,False,False,True,False
545,1,47,5,0,2,1,1,3897014.0,0,False,True,False,False,False
543,2,22,8,0,2,0,0,12758722.0,0,False,False,False,True,False
718,2,25,7,0,2,1,0,3038012.0,0,False,True,False,False,False
840,2,43,7,0,2,1,0,9090895.0,0,False,True,False,False,False
630,1,34,9,10693705,2,1,0,13827501.0,0,False,True,False,False,False
643,1,59,3,17033137,1,1,1,3217179.0,0,False,False,False,True,False
654,1,32,1,11451085,1,1,1,12614323.0,0,False,True,False,False,False
582,2,39,5,0,2,1,1,12989293.0,0,False,False,False,True,False
659,1,32,3,10759411,2,1,1,10241684.0,0,False,False,False,True,False
762,1,39,2,8127313,1,1,1,1871967.0,0,False,False,False,True,False
568,1,32,7,1693996,1,1,0,6193622.0,0,False,True,False,False,False
670,1,25,6,0,2,1,1,7835894.0,0,False,False,False,True,False
613,2,45,1,18784199,2,1,1,14722427.0,0,False,True,False,False,False
539,2,30,0,0,2,1,0,16097966.0,0,False,False,False,True,False
850,1,57,8,1267763,2,1,1,13229849.0,0,False,True,False,False,False
522,1,34,9,12643629,1,1,0,17424852.0,1,False,False,False,True,False
737,2,41,1,10196074,1,1,1,12354728.0,0,False,False,False,True,False
520,2,58,3,0,2,0,1,3279002.0,0,False,False,False,True,False
706,1,28,3,0,2,0,1,18154367.0,0,False,False,False,True,False
643,1,45,2,15084293,1,0,1,231996.0,1,False,True,False,False,False
648,2,50,9,10253557,1,1,1,18954319.0,0,False,True,False,False,False
443,1,29,9,9902761,2,1,0,109404.0,0,False,True,False,False,False
628,1,33,3,0,1,1,1,18819325.0,0,False,True,False,False,False
540,1,42,9,8727141,2,1,0,17257264.0,0,False,True,False,False,False
460,1,35,8,10274291,2,1,1,1893396.0,0,False,True,False,False,False
636,1,34,2,4010551,2,0,1,5351216.0,0,False,False,False,True,False
593,2,29,2,15226543,1,1,0,3400444.0,0,False,True,False,False,False
801,1,42,4,14194767,1,1,1,1059829.0,0,False,False,False,False,True
611,1,31,0,10788481,2,1,1,18348798.0,0,False,False,False,True,False
802,1,31,1,12501372,1,1,1,18765809.0,0,False,False,False,True,False
717,1,35,7,5846937,2,1,1,17245939.0,0,False,False,False,True,False
769,2,39,8,0,1,0,1,21016.0,0,False,True,False,False,False
745,1,45,10,11723163,3,1,1,12238102.0,1,False,False,False,True,False
572,1,35,4,15239026,1,1,0,12812366.0,0,False,False,False,True,False
629,1,30,2,3401363,1,1,0,1957063.0,0,False,True,False,False,False
687,1,39,2,0,3,0,0,1881506.0,1,False,True,False,False,False
483,2,50,9,0,2,1,1,11102024.0,0,False,True,False,False,False
690,2,36,7,10158311,2,1,0,12377515.0,0,False,False,False,True,False
492,1,30,10,7716887,2,0,1,14670022.0,0,False,True,False,False,False
709,1,28,8,12469572,2,1,0,14525135.0,0,False,False,False,True,False
705,1,44,3,10593496,1,1,0,8246369.0,0,False,False,False,True,False
611,1,46,6,0,2,1,0,4588633.0,0,False,False,False,True,False
730,1,62,2,0,2,1,1,18648995.0,0,False,False,False,True,False
709,1,45,2,0,2,0,1,16292265.0,0,False,True,False,False,False
544,2,21,10,16152596,2,1,0,926277.0,0,False,True,False,False,False
712,1,29,7,14719907,1,1,1,849324.0,0,False,True,False,False,False
752,1,38,3,18310229,1,1,1,7155712.0,0,False,False,False,True,False
648,1,46,9,127209,2,1,0,7740595.0,1,False,False,False,True,False
556,1,38,8,0,2,0,0,41741.0,1,False,False,False,True,False
594,1,24,0,9737854,1,1,1,7140517.0,0,False,True,False,False,False
645,1,37,2,13692509,2,0,1,15340024.0,0,False,True,False,False,False
557,2,33,3,5450355,1,1,1,37105.0,0,False,False,False,True,False
547,1,32,8,15572685,1,1,0,6778999.0,0,False,False,False,True,False
701,2,39,9,0,2,0,1,1458949.0,0,False,True,False,False,False
605,2,52,1,6334975,1,1,0,10888744.0,0,False,False,False,True,False
593,1,38,4,12949942,1,1,1,15407127.0,0,False,True,False,False,False
751,1,52,8,0,2,0,1,17929185.0,0,False,False,False,True,False
443,1,36,6,7043801,2,0,1,5693743.0,0,False,False,False,True,False
685,2,23,8,0,2,1,1,11223903.0,0,False,False,False,True,False
718,2,36,9,0,1,1,0,4590987.0,0,False,False,False,True,False
538,1,49,9,14143404,1,0,0,17377925.0,1,False,True,False,False,False
611,1,37,4,0,2,1,0,12569626.0,0,False,True,False,False,False
668,1,37,10,15295829,2,1,1,15958561.0,0,False,False,False,True,False
537,1,41,3,13830634,1,1,0,10676147.0,0,False,True,False,False,False
709,1,23,10,0,2,0,0,12959018.0,0,False,False,False,True,False
850,2,38,1,0,2,1,1,8000665.0,0,False,False,False,True,False
745,1,31,3,12432884,1,1,1,14045152.0,0,False,True,False,False,False
693,1,41,9,18146148,3,1,1,18792943.0,1,False,True,False,False,False
795,1,35,8,0,2,1,0,16715536.0,0,False,False,False,True,False
626,1,26,8,0,2,0,0,19142071.0,0,False,False,False,True,False
487,1,61,5,11036803,1,0,0,1138445.0,1,False,True,False,False,False
556,2,39,9,8958835,1,1,1,948981.0,0,False,True,False,False,False
643,2,46,6,0,2,0,0,10678159.0,0,False,True,False,False,False
605,2,28,6,0,2,0,0,15950852.0,0,False,True,False,False,False
756,1,60,3,11592489,1,1,0,9352419.0,1,False,True,False,False,False
586,2,38,2,0,2,1,0,8716846.0,0,False,True,False,False,False
535,1,40,7,1117565,1,1,0,812832.0,1,False,False,False,True,False
678,2,35,4,0,1,1,0,12551832.0,0,False,True,False,False,False
596,2,39,9,0,1,1,0,4896359.0,0,False,False,False,True,False
648,2,26,9,16292385,1,1,0,9836824.0,0,False,False,False,True,False
492,1,39,10,12457665,2,1,0,8703249.5,0,False,False,False,True,False
702,2,45,0,8079358,1,1,1,2747481.0,0,False,False,False,True,False
486,1,40,9,7134009,1,1,0,7619221.0,0,False,True,False,False,False
568,1,40,1,9928263,1,0,0,13460094.0,1,False,False,False,True,False
619,1,57,3,13794639,1,1,1,7246799.0,1,False,False,False,True,False
724,1,41,2,12789257,2,0,1,19964545.0,0,False,False,False,True,False
548,1,33,0,10108436,1,1,0,4274985.0,0,False,True,False,False,False
545,1,37,8,11475408,1,1,0,13605044.0,1,False,True,False,False,False
683,2,33,8,0,1,0,0,7356444.0,0,False,False,False,True,False
762,2,51,3,9928698,1,0,1,8557863.0,0,False,True,False,False,False
627,1,30,4,7987102,2,1,0,12982689.0,0,False,True,False,False,False
516,2,35,10,10408859,2,0,0,119666.0,0,False,False,False,True,False
800,2,38,2,16819033,2,1,0,6805208.0,0,False,True,False,False,False
464,1,42,3,8567925,1,1,1,16410474.0,0,False,True,False,False,False
626,2,35,3,0,1,0,0,8019036.0,0,False,True,False,False,False
790,2,31,9,0,2,1,0,8412675.0,0,False,True,False,False,False
534,2,34,7,12155158,2,1,1,70179.0,0,False,True,False,False,False
745,2,46,2,12222019,1,1,1,1180241.0,0,False,False,False,True,False
553,1,47,3,11652815,1,0,0,14570419.0,1,False,False,False,True,False
748,2,26,1,7778029,1,0,1,18304941.0,0,False,True,False,False,False
722,2,37,2,0,1,0,0,12090683.0,0,False,False,False,True,False
501,2,40,4,1258322,1,1,1,10043383.0,0,False,False,False,True,False
675,2,38,6,680658,1,0,0,138777.0,1,False,True,False,False,False
778,1,47,6,12729934,2,1,0,12469499.0,0,False,True,False,False,False
494,1,38,7,17493764,1,1,0,4008432.0,0,False,True,False,False,False
850,2,40,9,0,2,0,1,11923233.0,0,False,False,False,True,False
592,1,31,7,1100711,1,0,0,4392136.0,0,False,False,False,True,False
590,1,44,3,13943237,1,1,0,6222281.0,0,False,True,False,False,False
758,2,39,6,12735776,1,0,1,56577.0,0,False,True,False,False,False
506,2,36,5,0,2,1,0,16425335.0,0,False,False,False,True,False
733,2,33,3,0,1,1,1,766673.0,0,False,False,False,True,False
711,2,38,3,0,2,1,0,6848751.0,0,False,False,False,True,False
514,1,43,1,9555631,1,0,1,19927398.0,1,False,False,False,True,False
637,1,37,8,0,1,1,1,18606236.0,0,False,False,False,True,False
468,1,29,1,11168198,2,1,1,19571116.0,0,False,False,False,True,False
539,2,39,3,0,2,1,0,3669217.0,0,False,False,False,True,False
509,1,25,3,10873871,2,1,0,10692057.0,0,False,True,False,False,False
662,2,32,4,13395037,1,1,1,4872568.0,1,False,True,False,False,False
818,1,26,4,0,2,1,1,16703694.0,0,False,False,False,True,False
608,2,33,9,8996869,1,1,0,6877726.0,0,False,False,False,True,False
850,1,32,9,0,2,1,1,1892492.0,0,False,True,False,False,False
816,1,38,5,13087875,3,1,0,7190577.0,1,False,True,False,False,False
536,2,35,8,0,2,1,0,6483328.0,0,False,False,False,True,False
753,2,35,3,0,2,1,1,18484377.0,0,False,False,False,True,False
631,1,27,10,13416962,1,1,1,10000.0,0,False,False,False,True,False
703,2,37,1,14976208,1,1,0,206294.0,1,False,False,False,True,False
774,2,26,2,9384469,1,1,0,2841536.0,0,False,False,False,True,False
785,2,28,8,0,2,1,0,7723127.0,0,False,False,False,True,False
571,2,33,1,0,2,1,0,1027507.0,0,False,True,False,False,False
621,1,46,6,14107837,1,0,0,345808.0,1,False,False,False,True,False
605,1,31,1,11799259,1,1,1,18359877.0,0,False,True,False,False,False
611,2,40,8,10081233,2,1,0,14735827.0,0,False,True,False,False,False
569,2,38,7,0,1,1,1,1084692.0,0,False,False,False,True,False
658,2,29,4,802626,1,1,1,2061282.0,0,False,False,False,True,False
788,1,34,6,15647862,1,0,1,18119676.0,0,False,False,False,True,False
525,2,23,5,0,2,1,0,1602491.0,0,False,True,False,False,False
798,2,37,8,0,3,0,0,11078328.0,0,False,False,False,True,False
486,1,37,9,11521799,2,1,0,14499533.0,0,False,False,False,True,False
615,1,61,9,0,2,1,0,15022785.0,1,False,False,False,True,False
730,2,35,0,15547055,1,1,1,5371828.0,0,False,True,False,False,False
641,2,37,7,0,2,1,0,752483.0,0,False,False,False,True,False
542,2,39,3,13509677,1,1,1,1435343.0,1,False,False,False,True,False
692,2,30,2,0,2,0,1,13048657.0,0,False,False,False,True,False
714,1,55,9,18007522,1,1,1,10012771.0,0,False,True,False,False,False
591,1,29,1,9754124,1,1,1,19635617.0,0,False,False,False,True,False
710,2,41,2,15606705,1,1,1,998388.0,0,False,True,False,False,False
639,2,38,4,8155094,2,0,1,11897477.0,0,False,True,False,False,False
531,2,47,6,0,1,0,0,19499834.0,1,False,True,False,False,False
673,2,38,2,17006192,2,0,0,13490134.0,1,False,True,False,False,False
765,1,36,8,9231054,2,1,1,7292456.0,0,False,False,False,True,False
622,2,32,6,16908938,2,1,0,10105795.0,0,False,True,False,False,False
806,2,40,5,8061393,1,1,1,14283864.0,0,False,False,False,True,False
757,1,26,8,12158156,2,1,1,12705904.0,0,False,False,False,True,False
570,2,58,8,0,1,0,1,11650392.0,1,False,True,False,False,False
555,1,32,4,0,2,1,1,5440579.0,0,False,False,False,True,False
692,2,54,5,0,2,1,1,8872184.0,0,False,False,False,False,True
774,2,60,5,8589155,1,1,0,7413548.0,1,False,False,False,True,False
638,1,44,9,7763735,2,1,1,11134622.0,0,False,False,False,True,False
543,1,41,4,0,1,0,0,19490216.0,0,False,True,False,False,False
584,2,31,5,0,2,1,0,3147427.0,0,False,False,False,True,False
691,1,30,7,11692789,1,1,0,2119839.0,0,False,False,False,True,False
684,1,40,6,13732665,1,1,0,1869766.0,0,False,True,False,False,False
733,2,22,5,0,2,1,1,11720219.0,0,False,False,False,True,False
599,1,37,2,0,2,1,1,14373929.0,0,False,True,False,False,False
524,1,31,10,6723898,2,1,1,16181123.0,0,False,True,False,False,False
632,1,38,6,8656976,2,1,0,9809091.0,0,False,True,False,False,False
735,1,34,5,0,2,0,0,7109541.0,0,False,False,False,True,False
734,2,34,6,1335984,1,1,1,1310724.0,0,False,False,False,True,False
605,2,51,3,13618878,1,1,1,6711059.0,1,False,True,False,False,False
793,1,38,9,0,2,1,0,8822502.0,0,False,False,False,True,False
468,2,56,10,0,3,0,1,6225687.0,1,False,True,False,False,False
779,1,37,7,12009252,2,1,0,13592572.0,0,False,False,False,True,False
698,2,48,4,10123824,2,0,1,17781587.0,1,False,False,False,True,False
707,2,58,6,8968592,1,0,1,12647113.0,0,False,False,False,True,False
850,2,35,1,21177431,1,1,0,18857412.0,1,False,True,False,False,False
850,2,56,7,13131748,1,1,1,11917545.0,0,False,False,False,True,False
527,1,37,5,9372273,2,1,1,13909373.0,0,False,False,False,True,False
696,1,32,8,10116099,1,1,1,11591655.0,0,False,False,False,True,False
661,2,48,3,12032054,1,0,0,9646325.0,0,False,False,False,True,False
776,2,31,2,0,2,1,1,11234951.0,0,False,True,False,False,False
701,2,43,2,0,2,1,1,16530379.0,0,False,False,False,True,False
610,2,26,8,0,2,1,0,16603108.0,0,False,False,False,True,False
572,1,48,3,15282799,1,1,0,3841179.0,1,False,True,False,False,False
673,2,30,1,6409775,1,1,1,7778335.0,0,False,False,False,True,False
519,1,57,2,11903535,2,1,1,2987179.0,0,False,True,False,False,False
702,1,26,4,13521957,1,0,1,5974763.0,0,False,True,False,False,False
729,2,32,6,9369442,1,1,1,7991913.0,0,False,False,False,True,False
543,1,35,10,5940863,1,1,0,7677353.0,0,False,False,False,True,False
550,2,40,7,11435495,1,1,0,5401893.0,0,False,True,False,False,False
608,2,59,1,0,1,1,0,7064964.0,1,False,False,False,True,False
639,1,35,10,1281739,2,1,0,5909339.0,0,False,False,False,True,False
686,1,34,9,0,2,1,0,1275698.0,0,False,False,False,True,False
564,1,62,5,11493135,3,0,1,1826098.0,1,False,True,False,False,False
745,1,28,1,11107136,1,1,0,7327596.0,1,False,True,False,False,False
833,2,37,8,15122618,2,1,1,13612949.0,0,False,False,False,True,False
622,2,26,9,0,2,1,1,15323759.0,0,False,False,False,True,False
597,2,42,4,6474012,1,1,1,10684112.0,0,False,True,False,False,False
721,1,51,0,16931213,1,1,0,10907835.0,1,False,False,False,True,False
504,2,49,7,0,3,0,1,8782214.0,1,False,True,False,False,False
842,1,44,2,11265208,2,1,0,12664498.0,0,False,True,False,False,False
587,2,38,0,0,2,1,0,4741415.0,0,False,False,False,True,False
479,1,30,7,14396436,2,1,0,4187999.0,0,False,True,False,False,False
508,2,49,7,12245146,2,1,1,758081.0,0,False,False,False,True,False
749,2,24,1,0,3,1,1,4791103.0,0,False,False,False,True,False
721,1,36,3,6525307,2,1,0,8703249.5,0,False,True,False,False,False
674,1,47,6,10690194,1,1,1,20792.0,1,False,False,False,True,False
685,1,25,10,12850963,1,1,0,12156233.0,0,False,True,False,False,False
417,2,34,7,0,2,1,0,5500379.0,0,False,False,False,True,False
574,1,33,3,12983467,1,1,0,19313142.0,0,False,False,False,True,False
590,1,51,3,15496299,3,0,1,19193227.0,1,False,True,False,False,False
587,1,40,5,1382419,2,1,0,1594181.0,0,False,False,False,True,False
598,1,41,3,9153693,1,1,0,19146878.0,1,False,False,False,True,False
741,1,53,3,0,2,1,1,3891368.0,0,False,False,False,True,False
584,1,29,7,10520401,1,0,1,13849003.0,0,False,True,False,False,False
650,1,61,1,15296873,1,0,1,8297069.0,0,False,False,False,True,False
607,1,36,8,15826168,1,1,1,7674472.0,0,False,False,False,True,False
509,2,46,1,0,1,1,0,7124459.0,1,False,True,False,False,False
689,1,38,6,12102105,1,1,1,1218215.0,0,False,True,False,False,False
543,2,36,4,0,2,1,1,1412105.0,0,False,False,False,True,False
438,1,54,2,0,1,0,0,19176307.0,1,False,True,False,False,False
737,1,31,5,12119222,2,1,1,7489058.0,0,False,False,False,True,False
761,2,31,7,0,3,1,1,16669818.0,0,False,False,False,True,False
601,2,44,1,10048618,2,1,1,6267853.0,0,False,False,False,True,False
651,2,45,1,0,1,1,0,6774008.0,1,False,False,False,True,False
745,2,35,9,9256653,2,1,0,16151977.0,0,False,False,False,True,False
648,1,49,10,0,2,1,1,15983578.0,1,False,True,False,False,False
848,1,40,3,11092996,1,1,1,3087684.0,0,False,False,False,True,False
546,2,27,8,0,2,1,1,148581.0,0,False,True,False,False,False
439,1,32,3,13890161,1,1,0,7568597.0,0,False,True,False,False,False
755,2,30,4,12321766,2,0,1,1441831.0,0,False,False,False,True,False
593,2,41,6,0,1,1,0,6517066.0,0,False,True,False,False,False
701,2,39,2,0,2,1,1,8252692.0,0,False,False,False,True,False
701,1,36,8,0,2,1,0,16916146.0,0,False,False,False,True,False
607,1,33,2,10843187,2,0,1,10929139.0,1,False,True,False,False,False
586,1,57,3,0,2,0,1,605781.0,0,False,True,False,False,False
547,1,30,9,7239241,1,1,0,7707714.0,0,False,True,False,False,False
647,1,51,1,11974177,2,0,0,5495451.0,1,False,True,False,False,False
760,2,51,2,10094671,1,0,0,1796148.0,1,False,True,False,False,False
621,1,53,9,17049184,1,1,0,3558807.0,1,False,False,False,True,False
725,2,44,5,0,1,1,1,11735614.0,0,False,False,False,True,False
526,2,36,1,0,1,1,0,16069672.0,0,False,False,False,True,False
519,1,47,6,15729602,2,0,0,14727843.0,1,False,True,False,False,False
713,1,38,7,14460622,1,1,1,5659436.0,1,False,True,False,False,False
700,2,38,8,1348113,1,1,0,129975.0,0,False,False,False,True,False
666,2,34,9,11589712,1,1,1,2509503.0,0,False,True,False,False,False
630,1,32,4,82034,1,0,0,14632645.0,0,False,False,False,True,False
779,1,26,4,17431813,2,0,1,3829621.0,0,False,True,False,False,False
611,1,41,2,11420684,1,1,0,1640616.0,0,False,True,False,False,False
685,1,43,9,0,2,1,0,10781128.0,0,False,False,False,True,False
646,1,39,9,11157441,1,1,1,3083851.0,0,False,False,False,True,False
683,1,57,5,16244869,1,0,0,922178.0,1,False,True,False,False,False
484,1,34,4,14824954,1,0,1,3373827.0,0,False,True,False,False,False
601,2,43,8,0,3,0,1,11091615.0,1,False,True,False,False,False
762,1,26,7,12370946,2,1,1,16965457.0,0,False,True,False,False,False
566,2,30,5,0,1,1,0,5492651.0,1,False,False,False,True,False
702,2,37,10,1505258,1,1,1,9472849.0,0,False,False,False,True,False
601,2,29,9,0,1,1,1,8039327.0,0,False,False,False,True,False
699,2,53,4,0,2,0,1,11130798.0,0,False,False,False,True,False
584,2,28,10,0,2,1,0,1983432.0,0,False,False,False,True,False
699,2,35,5,0,2,1,1,7839724.0,0,False,False,False,True,False
698,1,51,2,11101898,1,1,0,8641028.0,0,False,True,False,False,False
495,2,30,10,12975599,1,0,0,17274965.0,0,False,False,False,True,False
650,2,27,6,0,2,1,0,100239.0,0,False,True,False,False,False
667,1,38,1,8720238,1,1,1,7786691.0,0,False,False,False,True,False
688,1,26,8,14613339,1,1,1,17529676.0,0,False,False,False,True,False
727,1,31,0,0,1,1,0,12175104.0,1,False,True,False,False,False
754,1,39,6,17018499,2,1,0,8959326.0,0,False,False,False,True,False
612,1,62,8,14074533,1,1,0,19343789.0,1,False,True,False,False,False
546,1,42,7,13907051,1,1,1,86945.0,0,False,False,False,True,False
673,1,37,8,0,2,1,1,18331879.0,0,False,True,False,False,False
593,2,35,9,11419324,1,1,0,711541.0,0,False,False,False,True,False
656,1,40,10,1678785,1,0,1,15188716.0,0,False,True,False,False,False
535,1,53,5,14161655,2,1,1,7588865.0,0,False,True,False,False,False
678,1,36,3,14574767,2,0,1,8956674.0,0,False,False,False,True,False
477,1,48,2,12912064,1,0,1,2647579.0,0,False,True,False,False,False
850,1,35,7,11034982,1,0,0,1263558.0,0,False,False,False,True,False
427,2,29,1,14132556,1,1,1,938393.0,0,False,False,False,True,False
752,2,49,2,7865384,1,1,0,76986.0,0,False,False,False,True,False
649,2,47,1,0,2,1,1,14559385.0,0,False,False,False,True,False
799,1,28,3,14225365,1,1,0,4504256.0,0,False,True,False,False,False
589,2,61,1,0,1,1,0,6110856.0,1,False,True,False,False,False
583,1,54,6,11598886,1,1,0,5755398.0,1,False,True,False,False,False
839,1,33,10,7559243,1,1,0,6267442.0,0,False,True,False,False,False
540,1,44,3,16411304,2,1,1,1212079.0,0,False,False,False,True,False
850,2,31,6,6799623,2,0,0,5012987.0,1,False,False,False,True,False
696,1,51,5,0,2,1,0,5502243.0,0,False,True,False,False,False
660,1,33,1,0,2,0,0,11783491.0,0,False,True,False,False,False
682,2,48,1,13877815,1,0,1,16884023.0,0,False,False,False,True,False
744,2,43,10,14783215,1,0,1,2423411.0,0,False,True,False,False,False
785,2,36,4,1354384,1,0,0,19062701.0,0,False,True,False,False,False
752,1,48,5,11606008,1,1,0,15661838.0,1,False,False,False,True,False
706,2,29,5,11256462,1,1,0,4233438.0,0,False,True,False,False,False
583,2,27,1,12540658,1,1,1,11078442.0,0,False,True,False,False,False
660,1,39,5,13513499,1,1,0,173683.0,1,False,True,False,False,False
819,2,39,9,13310292,1,1,0,2704646.0,1,False,True,False,False,False
673,2,34,8,4215708,1,1,0,2059859.0,1,False,True,False,False,False
752,2,30,3,0,2,1,1,10499128.0,0,False,True,False,False,False
578,2,38,7,8225929,1,1,0,899697.0,0,False,False,False,True,False
438,2,36,4,0,2,1,0,644205.0,0,False,True,False,False,False
652,2,38,6,0,2,1,1,14570022.0,0,False,False,False,True,False
629,2,49,4,0,2,1,1,19633548.0,0,False,True,False,False,False
720,2,52,7,0,1,1,1,1478112.0,0,False,False,False,True,False
668,2,42,3,15046107,1,1,0,10813923.0,0,False,False,False,True,False
459,1,48,4,13399452,1,1,1,1928706.0,1,False,False,False,True,False
729,1,31,8,16487081,2,1,1,956739.0,0,False,False,False,True,False
498,1,25,8,12170273,1,1,1,13221049.0,0,False,False,False,True,False
549,1,25,6,1938582,1,0,1,2160011.0,0,False,False,False,True,False
601,1,54,1,13103997,2,1,1,1996615.0,0,False,True,False,False,False
751,2,30,6,0,2,1,0,157661.0,0,False,True,False,False,False
632,1,41,3,8187738,1,1,1,3364221.0,0,False,True,False,False,False
694,1,57,8,11632607,1,1,1,11770465.0,0,False,False,False,True,False
678,2,31,2,0,2,1,1,5880328.0,0,False,False,False,True,False
695,2,46,4,0,2,1,1,13753722.0,0,False,False,False,True,False
661,2,41,1,0,2,0,1,13130068.0,0,False,True,False,False,False
661,2,33,9,0,2,1,1,8417481.0,0,False,False,False,True,False
559,2,31,3,12707073,1,0,1,16094178.0,0,False,True,False,False,False
503,2,29,3,0,2,1,1,14395499.0,0,False,False,False,True,False
695,1,46,3,12254964,1,1,1,5629785.0,0,False,False,False,True,False
640,2,42,5,17609913,1,1,1,840473.0,0,False,True,False,False,False
624,1,48,3,12238838,2,0,0,3002009.0,0,False,True,False,False,False
667,2,42,9,0,2,0,1,5813742.0,0,False,False,False,True,False
642,2,26,0,0,1,0,0,4747268.0,0,False,False,False,True,False
640,1,32,6,11887935,2,1,1,1913171.0,0,False,True,False,False,False
529,1,35,5,0,2,1,1,1872885.0,0,False,False,False,True,False
563,2,39,5,0,2,1,1,1760381.0,0,False,True,False,False,False
593,1,38,4,8873644,2,1,0,6702003.0,0,False,True,False,False,False
739,1,45,7,10270362,1,0,1,14780294.0,1,False,False,False,True,False
684,1,38,3,0,2,1,0,4425565.0,0,False,True,False,False,False
482,2,55,5,9731825,1,0,1,7841614.0,0,False,False,False,True,False
591,1,58,5,12846869,1,0,1,13725455.0,0,False,False,False,True,False
651,1,41,4,13343259,1,0,1,15130348.0,0,False,True,False,False,False
749,1,40,8,14178257,2,0,0,8633363.0,0,False,True,False,False,False
583,2,24,9,13512528,1,0,0,898019.0,0,False,False,False,True,False
661,1,42,2,17882091,1,0,0,2935857.0,1,False,False,False,True,False
715,2,31,2,11221214,2,1,1,18160072.0,0,False,True,False,False,False
769,1,45,5,12667481,1,1,0,12411871.0,1,False,True,False,False,False
625,2,51,7,13629497,1,1,0,3886746.0,1,False,True,False,False,False
641,2,36,5,6639264,1,1,0,3110667.0,0,False,True,False,False,False
716,1,27,1,12255234,2,1,0,6761136.0,0,False,False,False,True,False
767,2,43,1,7640885,2,1,0,7783763.0,0,False,False,False,True,False
745,1,36,8,14507124,1,0,0,607846.0,0,False,False,False,True,False
589,2,34,6,0,2,1,1,17789692.0,0,False,False,False,True,False
796,2,45,2,10973022,1,1,1,12388273.0,0,False,True,False,False,False
664,2,57,6,0,2,1,1,1530408.0,0,False,False,False,True,False
445,1,62,1,6411938,1,1,1,7656964.0,1,False,False,False,True,False
543,1,57,1,10613833,2,1,1,12065732.0,1,False,True,False,False,False
746,1,36,2,0,2,1,1,1643656.0,0,False,False,False,True,False
742,1,33,0,18165651,1,1,1,10766791.0,0,False,False,False,True,False
750,2,32,5,0,2,1,0,9561147.0,0,False,True,False,False,False
669,2,30,7,9512886,1,0,0,1979926.0,0,False,False,False,True,False
594,1,49,2,12661594,2,0,1,12321474.0,0,False,True,False,False,False
574,1,36,1,0,2,0,1,7170912.0,0,False,False,False,True,False
659,1,36,2,7619048,2,1,1,14906614.0,0,False,False,False,True,False
750,1,40,5,16828681,3,1,0,2045199.0,1,False,False,False,True,False
626,1,35,4,8810981,1,1,1,328255.0,0,False,False,False,True,False
620,2,42,4,0,2,1,0,623231.0,0,False,False,False,True,False
580,2,35,8,0,2,0,1,1035703.0,0,False,True,False,False,False
686,2,34,3,12397151,2,1,0,14779463.0,0,False,True,False,False,False
540,2,48,0,14811648,1,0,0,11697348.0,0,False,False,False,True,False
634,1,35,6,11626901,1,1,0,12996494.0,0,False,False,False,True,False
632,1,38,1,12059921,1,1,0,9281686.0,0,False,False,False,True,False
501,2,41,3,1442605,1,1,0,17211467.0,0,False,True,False,False,False
650,1,25,3,866055,3,1,0,1664931.0,1,False,True,False,False,False
786,2,34,9,0,2,1,0,14451719.0,0,False,False,False,True,False
554,1,37,4,5862997,1,0,0,1820386.0,0,False,True,False,False,False
701,1,42,5,0,2,0,0,2421056.0,0,False,True,False,False,False
474,2,45,10,0,2,0,0,1721759.0,0,False,False,False,True,False
621,2,43,5,0,1,1,1,4757845.0,0,False,True,False,False,False
672,1,56,2,20976731,2,1,1,15069442.0,1,False,True,False,False,False
459,1,42,6,12963425,2,1,1,17768302.0,1,False,True,False,False,False
669,2,23,1,0,2,0,0,6608883.0,0,False,False,False,True,False
776,2,38,2,16982446,1,1,0,1692917.0,0,False,True,False,False,False
694,2,36,3,9753025,1,1,1,11714041.0,0,False,False,False,True,False
787,2,42,10,14598865,2,1,1,7951037.0,0,False,True,False,False,False
580,2,37,9,0,2,0,1,7710866.0,0,False,False,False,True,False
711,2,25,7,0,3,1,1,967928.0,0,False,True,False,False,False
673,2,40,5,13749428,1,1,0,8175392.0,0,False,True,False,False,False
499,2,57,1,0,1,0,0,13137238.0,1,False,True,False,False,False
591,2,24,6,147360,1,1,1,2531082.0,0,False,False,False,True,False
769,2,25,10,0,2,0,0,18792575.0,0,False,True,False,False,False
657,1,31,3,12516702,1,0,0,9882039.0,0,False,False,False,True,False
738,1,43,9,12115205,2,1,0,641667.0,1,False,False,False,True,False
545,1,60,7,12898107,1,0,1,17692421.0,1,False,True,False,False,False
497,2,47,6,0,1,1,1,9005508.0,0,False,False,False,True,False
525,2,36,2,1146284,1,0,1,16829006.0,0,False,False,False,True,False
725,2,46,6,0,2,1,0,16176738.0,0,False,False,False,True,False
692,2,28,8,9505902,2,1,0,4442018.0,0,False,True,False,False,False
618,2,24,7,12873639,1,0,1,3714761.0,0,False,True,False,False,False
546,2,24,8,15632538,1,1,1,12538102.0,0,False,False,False,True,False
635,2,29,7,10540597,1,1,1,14985389.0,0,False,False,False,True,False
611,2,49,2,8891537,3,0,0,16143502.0,1,False,True,False,False,False
650,2,60,8,0,2,1,1,10292576.0,0,False,False,False,True,False
606,2,40,5,0,2,1,1,7089927.0,0,False,False,False,True,False
844,2,18,2,16098003,1,0,0,14593628.0,0,False,False,False,True,False
450,1,46,5,17761971,1,1,0,5422706.0,0,False,True,False,False,False
727,1,38,2,6227699,1,1,1,5928079.0,0,False,False,False,True,False
460,1,46,4,12755997,2,1,1,1269525.0,0,False,False,False,True,False
649,2,41,0,0,2,0,1,13056702.0,0,False,False,False,True,False
758,1,47,9,9552316,1,1,0,7329448.0,0,False,True,False,False,False
490,2,35,7,10774903,1,1,1,393737.0,0,False,True,False,False,False
815,1,37,2,11077726,2,1,0,238359.0,0,False,False,False,True,False
838,1,39,5,16673392,2,1,0,1427944.0,0,False,True,False,False,False
803,2,31,9,15712086,2,1,0,14130053.0,0,False,False,False,True,False
664,1,36,2,12716078,2,1,0,7814075.0,0,False,True,False,False,False
736,1,28,2,0,2,1,1,1174311.0,0,False,True,False,False,False
633,2,37,9,15609197,1,1,0,7200861.0,0,False,True,False,False,False
664,2,58,5,9866818,1,1,1,6088758.0,0,False,False,False,True,False
600,2,43,5,13402206,1,1,0,19476483.0,0,False,True,False,False,False
693,2,35,5,12415109,1,1,0,8870514.0,1,False,True,False,False,False
663,1,36,6,772535,1,0,0,3581797.0,1,False,True,False,False,False
742,1,21,1,11429248,1,1,0,315204.0,0,False,True,False,False,False
710,1,43,2,14008032,3,1,1,15790819.0,1,False,False,False,True,False
710,1,27,2,13527796,1,1,0,14220015.0,0,False,True,False,False,False
720,1,60,9,11592062,2,0,0,15755208.0,1,False,False,False,True,False
684,1,41,2,11978272,2,0,0,12028467.0,0,False,False,False,True,False
742,1,36,2,12974854,2,0,0,4727161.0,1,False,True,False,False,False
717,2,31,4,12972257,1,0,0,411766.0,0,False,False,False,True,False
589,2,32,2,0,2,0,1,946864.0,0,False,False,False,True,False
767,2,36,3,1391802,1,0,0,12388019.0,0,False,False,False,True,False
636,1,49,6,11359974,2,1,0,15888709.0,1,False,False,False,True,False
648,2,33,7,134944,1,1,1,11703638.0,0,False,False,False,True,False
622,1,58,7,11692225,1,1,0,12041561.0,1,False,True,False,False,False
692,1,28,9,11894509,1,0,0,1606425.0,1,False,False,False,True,False
754,2,28,8,0,2,1,1,5261562.0,0,False,False,False,True,False
679,1,35,8,11918273,1,0,0,12121009.0,0,False,True,False,False,False
639,2,27,8,0,2,1,0,19224735.0,0,False,False,False,True,False
774,2,28,1,7126402,2,0,1,6875957.0,0,False,True,False,False,False
517,2,41,2,0,2,0,1,7593747.0,0,False,False,False,True,False
571,2,35,8,0,2,0,0,8456913.0,0,False,True,False,False,False
747,1,58,7,11631357,1,1,1,19069635.0,1,False,False,False,True,False
792,1,36,5,9214015,1,0,1,6746867.0,0,False,False,False,True,False
688,2,26,1,0,2,1,1,10443594.0,0,False,False,False,True,False
714,1,42,2,17764009,1,0,1,4716655.0,0,False,False,False,True,False
562,1,35,0,0,2,1,0,11989952.0,0,False,True,False,False,False
704,1,48,8,1679976,1,1,1,17349845.0,0,False,False,False,True,False
698,2,36,2,8227535,2,1,1,9324926.0,0,False,False,False,True,False
611,2,49,3,0,2,1,1,14291754.0,0,False,False,False,True,False
850,1,48,6,11196299,1,1,0,1117558.0,0,False,True,False,False,False
743,1,34,1,13173688,1,1,1,10854321.0,0,False,True,False,False,False
654,2,29,1,0,1,1,0,18034544.0,0,False,False,False,True,False
761,1,36,8,10823911,2,0,0,9944402.0,0,False,False,False,True,False
702,2,46,9,9844419,1,0,1,10956328.0,0,False,True,False,False,False
488,1,32,3,11454038,1,1,0,9256807.0,0,False,False,False,True,False
683,2,35,6,18753066,2,1,1,3797636.0,0,False,True,False,False,False
601,1,42,9,13363616,1,0,1,10331574.0,0,False,True,False,False,False
605,2,52,7,0,2,1,1,1739525.0,0,False,False,False,True,False
671,1,44,0,8474503,2,0,1,3467398.0,0,False,True,False,False,False
614,1,31,7,12059938,2,1,1,4616344.0,0,False,True,False,False,False
511,1,29,9,0,2,0,1,14067698.0,0,False,True,False,False,False
850,2,39,4,12777135,2,0,1,15173854.0,0,False,False,False,True,False
790,1,46,9,0,1,0,0,1467981.0,1,False,True,False,False,False
793,2,33,0,0,1,0,0,17554402.0,0,False,True,False,False,False
598,1,53,10,16777296,1,1,1,13688686.0,0,False,False,False,True,False
657,2,37,6,958456,1,1,0,12221823.0,0,False,True,False,False,False
618,2,35,10,0,2,1,0,18043975.0,0,False,True,False,False,False
516,1,33,3,0,2,1,1,5868559.0,0,False,True,False,False,False
421,1,28,8,12238422,3,1,1,8901738.0,1,False,False,False,True,False
700,2,26,2,0,2,0,0,5005142.0,0,False,True,False,False,False
745,2,25,5,15799315,2,1,0,14604145.0,0,False,False,False,True,False
696,2,29,8,0,2,1,0,19116609.0,0,False,False,False,True,False
580,1,42,2,12333136,1,0,0,10351608.0,1,False,True,False,False,False
497,1,27,9,7526316,1,1,1,16482504.0,0,False,False,False,True,False
720,2,43,6,13782403,2,1,0,17255777.0,0,False,True,False,False,False
659,1,36,4,13257892,2,1,0,8432094.0,0,False,False,False,True,False
841,2,36,5,15602131,1,0,0,12266298.0,0,False,True,False,False,False
642,1,34,8,0,1,1,0,720851.0,0,False,False,False,True,False
600,1,36,4,0,2,1,0,14363536.0,0,False,False,False,True,False
464,1,33,8,16428472,2,1,1,371034.0,0,False,False,False,True,False
680,2,47,5,0,2,1,1,17984333.0,0,False,True,False,False,False
758,1,56,1,0,2,1,1,1064338.0,0,False,False,False,True,False
630,1,31,2,11237349,2,1,1,13116798.0,0,False,True,False,False,False
577,2,39,10,0,2,1,0,1055331.0,0,False,True,False,False,False
684,2,34,6,0,2,1,1,13092822.0,0,False,True,False,False,False
708,1,41,5,0,1,0,1,15700399.0,0,False,True,False,False,False
732,1,29,1,15433382,1,1,1,13852756.0,0,False,True,False,False,False
634,1,37,3,11143277,2,1,1,16703249.0,0,False,False,False,True,False
633,2,30,6,0,2,0,0,4164229.0,0,False,True,False,False,False
559,2,34,2,13739011,2,1,0,9677.0,0,False,False,False,True,False
694,1,37,3,0,2,1,1,14701222.0,0,False,True,False,False,False
686,1,56,5,11164208,1,1,1,8055387.0,0,False,True,False,False,False
553,1,48,3,0,1,0,1,3073095.0,1,False,True,False,False,False
507,2,36,4,8354337,1,0,0,14013443.0,0,False,False,False,True,False
732,1,50,6,14533876,1,0,0,919361.0,1,False,False,False,True,False
818,2,31,1,18679637,1,0,0,17825263.0,0,False,True,False,False,False
660,1,35,8,5864143,1,0,1,19867408.0,0,False,False,False,True,False
773,1,41,5,0,1,1,0,282669.0,1,False,True,False,False,False
640,2,44,3,13714868,1,1,0,9238101.0,0,False,False,False,True,False
505,2,49,7,8000123,1,0,0,13518011.0,0,False,False,False,True,False
714,1,21,6,8640252,2,0,0,2733059.0,0,False,False,False,True,False
468,2,42,5,0,2,1,0,12530534.0,0,False,True,False,False,False
611,1,51,1,12287474,1,1,1,14964845.0,0,False,False,False,True,False
705,2,25,0,9754429,1,0,1,5988715.0,0,False,False,False,True,False
646,1,46,1,17082655,2,1,0,4504132.0,0,False,False,False,True,False
667,1,0,1,9713392,2,0,0,11331677.0,1,False,True,False,False,False
511,1,41,8,15389565,1,1,1,3908742.0,0,False,True,False,False,False
653,2,43,6,0,2,1,1,733059.0,0,False,True,False,False,False
675,2,57,8,0,2,0,1,9546329.0,0,False,True,False,False,False
523,1,32,4,0,2,1,0,16784802.0,0,False,False,False,True,False
567,1,49,5,13495602,1,1,0,9395384.0,1,False,True,False,False,False
741,1,39,7,14363758,2,0,1,17422766.0,0,False,False,False,True,False
456,1,32,9,14750625,1,1,1,13539921.0,0,False,False,False,True,False
667,2,43,8,19022746,1,1,0,9750804.0,1,False,False,False,True,False
548,2,32,2,17244877,1,1,0,18808377.0,1,False,True,False,False,False
725,2,41,7,11398021,1,1,1,11670425.0,0,False,False,False,True,False
717,2,53,6,0,2,0,1,9761487.0,0,False,False,False,True,False
594,2,38,4,0,2,0,0,18688404.0,0,False,False,False,True,False
678,1,25,10,7696812,2,0,1,13150172.0,0,False,True,False,False,False
545,2,38,1,8829313,2,1,1,2430295.0,0,False,False,False,True,False
603,1,44,6,10812239,2,1,0,10848833.0,1,False,False,False,True,False
435,2,36,4,0,1,1,1,1970152.0,0,False,False,False,True,False
535,2,40,8,0,1,1,1,2768977.0,0,False,True,False,False,False
629,1,45,7,12981839,3,1,0,921755.0,1,False,True,False,False,False
722,2,35,2,16394389,2,1,1,1506818.0,0,False,True,False,False,False
561,2,28,7,0,2,1,0,779701.0,0,False,False,False,True,False
645,2,38,5,1014303,2,0,1,440032.0,0,False,True,False,False,False
501,2,39,9,11730166,1,0,0,18202595.0,0,False,True,False,False,False
502,1,32,1,17334083,1,0,1,12276395.0,0,False,True,False,False,False
652,1,42,4,0,2,1,1,3815201.0,0,False,True,False,False,False
574,2,33,3,13434857,1,1,0,6316399.0,0,False,True,False,False,False
518,2,45,9,10552565,2,1,1,7341829.0,0,False,True,False,False,False
749,2,60,6,0,1,1,0,1797868.0,1,False,True,False,False,False
679,2,43,4,0,3,1,0,11513651.0,1,False,True,False,False,False
565,2,36,6,1061921,1,1,0,14957559.0,0,False,False,False,True,False
643,2,45,4,4514443,1,1,0,6091724.0,1,False,True,False,False,False
521,2,25,7,0,2,1,1,15787867.0,0,False,False,False,True,False
739,1,38,0,12836644,1,1,0,1279643.0,0,False,False,False,True,False
585,2,0,2,0,2,1,1,1865777.0,0,False,False,False,True,False
542,2,43,8,14561837,1,0,1,1035074.0,0,False,True,False,False,False
788,1,37,8,14154125,1,0,0,6601327.0,0,False,False,False,True,False
435,1,32,2,5701706,2,1,1,590711.0,0,False,False,False,True,False
577,2,42,9,0,1,1,0,7407791.0,0,False,False,False,True,False
703,2,51,3,0,3,1,1,7729456.0,1,False,True,False,False,False
728,1,35,8,12588495,2,1,0,5435902.0,1,False,True,False,False,False
728,1,32,5,618255,1,1,1,15612493.0,0,False,False,False,True,False
718,2,35,8,0,2,1,0,9482085.0,0,False,False,False,True,False
621,2,40,6,0,1,1,0,15515525.0,0,False,True,False,False,False
523,2,40,2,10296741,1,1,0,1287021.0,1,False,True,False,False,False
657,1,25,2,17177055,1,1,0,227455.0,0,False,False,False,True,False
727,1,40,1,9305164,2,1,0,7186531.0,1,False,False,False,True,False
643,2,36,7,16106464,2,0,1,8429482.0,0,False,False,False,True,False
645,2,48,7,9061234,1,1,1,14913913.0,0,False,True,False,False,False
568,2,28,5,14510564,2,1,0,18548911.0,0,False,False,False,True,False
599,2,58,4,0,1,0,0,17640715.0,1,False,False,False,True,False
672,2,45,9,0,1,1,1,9202769.0,1,False,True,False,False,False
685,2,33,6,17491272,1,1,1,4393254.0,0,False,False,False,True,False
516,2,46,1,10494772,1,1,0,11578925.0,1,False,True,False,False,False
685,1,31,10,13521371,1,1,1,12577728.0,0,False,False,False,True,False
806,1,25,7,0,2,1,0,184619.0,0,False,False,False,True,False
604,2,36,6,11622985,2,1,1,7963338.0,0,False,False,False,True,False
648,1,53,6,11120141,1,1,1,12154229.0,0,False,True,False,False,False
545,1,32,4,0,1,1,0,947392.0,0,False,True,False,False,False
756,1,27,1,131899,1,1,0,9330229.0,0,False,False,False,True,False
569,2,35,10,12452552,1,1,1,19379378.0,0,False,False,False,True,False
596,2,47,6,0,1,1,0,7483565.0,0,False,False,False,True,False
475,2,39,6,0,1,1,1,569999.0,1,False,False,False,True,False
646,2,45,3,4713475,1,1,1,5723644.0,0,False,True,False,False,False
784,1,35,3,0,2,0,0,8148364.0,0,False,False,False,True,False
552,1,45,9,0,2,1,0,2675256.0,0,False,False,False,True,False
729,2,44,5,0,2,0,1,920054.0,0,False,False,False,True,False
609,1,61,1,0,1,1,0,2244785.0,1,False,False,False,True,False
555,2,51,5,0,3,1,0,18912289.0,1,False,False,False,True,False
572,1,19,1,13865708,1,1,1,1616182.0,0,False,True,False,False,False
785,2,34,9,7030248,1,1,1,6860036.0,0,False,True,False,False,False
714,1,36,1,10160901,2,1,1,44773.0,0,False,True,False,False,False
738,1,35,3,0,1,1,1,1565073.0,0,False,False,False,True,False
639,1,38,5,13017082,1,1,1,14959962.0,0,False,False,False,True,False
520,1,61,8,13380229,2,1,1,9030401.0,0,False,False,False,True,False
764,2,24,7,10623402,1,0,0,11567638.0,0,False,True,False,False,False
661,1,0,6,13262898,1,0,0,3881267.0,0,False,False,False,True,False
564,1,0,9,10352275,2,1,1,3433821.0,0,False,False,False,True,False
708,1,42,8,19239052,2,1,0,82336.0,0,False,True,False,False,False
512,1,36,1,0,1,0,1,13548226.0,1,False,False,False,True,False
592,1,37,9,0,3,1,1,1065689.0,0,False,False,False,True,False
619,2,38,3,0,2,0,1,11646735.0,0,False,True,False,False,False
775,2,52,8,10992261,1,1,1,9682332.0,1,False,False,False,True,False
850,1,44,5,12860532,1,0,1,1710962.0,0,False,True,False,False,False
577,2,37,4,0,1,1,1,7988139.0,0,False,True,False,False,False
724,2,37,10,6859856,1,1,0,15786282.0,0,False,True,False,False,False
710,1,35,1,10651852,1,1,1,12795181.0,0,False,False,False,True,False
696,2,31,8,0,2,0,0,19107411.0,0,False,True,False,False,False
376,2,46,6,0,1,1,0,15733369.0,1,False,True,False,False,False
675,1,29,8,12132642,1,1,0,13345752.0,0,False,True,False,False,False
745,2,36,8,6722637,1,1,0,1307896.0,0,False,False,False,True,False
697,1,25,5,8293185,2,1,1,12837388.0,0,False,True,False,False,False
599,1,39,4,0,1,1,0,1942732.0,1,False,True,False,False,False
715,2,0,5,11859041,1,1,1,568417.0,1,False,True,False,False,False
684,2,48,3,7330938,1,0,0,2122834.0,1,False,True,False,False,False
635,2,48,8,13079633,2,1,1,432503.0,0,False,True,False,False,False
789,1,33,8,15160756,1,1,0,43894.0,0,False,False,False,True,False
694,1,39,0,10704274,1,1,1,1022842.0,0,False,False,False,True,False
665,1,42,2,15637161,2,0,1,15677494.0,1,False,True,False,False,False
706,2,44,4,12960599,1,0,0,6986549.0,0,False,True,False,False,False
807,1,43,0,0,2,0,1,8552324.0,0,False,True,False,False,False
531,1,27,8,13257625,1,0,0,722292.0,0,False,False,True,False,False
629,2,37,6,1291013,1,1,1,2397133.0,0,False,True,False,False,False
850,1,31,1,1088224,1,1,1,13217331.0,0,False,True,False,False,False
685,1,35,4,13794851,1,1,0,11363964.0,0,False,False,False,True,False
642,1,32,7,1004338,1,1,1,3976859.0,0,False,False,False,True,False
683,1,43,4,11588804,1,1,1,11734919.0,1,False,True,False,False,False
663,2,42,5,12462607,1,1,1,780045.0,0,False,True,False,False,False
563,2,34,6,13981034,1,1,1,15241779.0,0,False,True,False,False,False
637,1,34,9,0,2,0,0,2605708.0,0,False,True,False,False,False
544,2,37,3,8449671,1,0,0,7997209.0,0,False,False,False,True,False
638,2,48,10,13833303,1,1,1,4767914.0,0,False,True,False,False,False
723,2,25,3,0,2,1,1,13450947.0,0,False,False,False,True,False
635,1,43,5,7899275,2,0,0,15326531.0,0,False,False,False,True,False
750,1,38,7,9725741,2,0,1,17988304.0,0,False,False,True,False,False
730,2,34,5,12245337,2,1,0,13888298.0,0,False,False,False,True,False
750,1,36,8,11294007,1,0,1,985581.0,0,False,True,False,False,False
586,2,43,8,13255826,1,1,0,6704683.0,1,False,True,False,False,False
520,2,38,4,0,2,1,0,5638863.0,0,False,True,False,False,False
652,2,48,8,13329724,1,1,0,7776437.0,0,False,True,False,False,False
550,2,46,7,0,2,1,0,13059035.0,0,False,True,False,False,False
594,2,27,0,1970418,1,0,0,15191249.0,0,False,False,False,True,False
749,1,44,0,7149779,2,0,0,1510838.0,0,False,True,False,False,False
668,2,32,7,0,2,1,1,77737.0,0,False,False,False,True,False
614,1,35,6,12810028,1,0,0,8703249.5,1,False,True,False,False,False
551,1,31,9,8229382,2,1,1,9156525.0,0,False,False,False,True,False
566,2,36,1,14212091,1,1,0,7961637.0,0,False,False,False,True,False
569,1,34,0,15183926,1,1,0,10229981.0,1,False,False,False,True,False
659,1,31,7,14962088,2,1,1,10453351.0,0,True,False,False,False,False
722,2,49,3,16819766,1,1,0,14076557.0,1,False,True,False,False,False
615,2,35,2,9744002,2,1,1,1398161.0,0,False,True,False,False,False
752,1,42,3,6504608,2,0,1,14013928.0,0,False,True,False,False,False
661,1,28,7,9535749,1,0,0,10229715.0,0,False,True,False,False,False
838,1,43,9,12310588,2,1,0,14576583.0,0,False,False,False,True,False
610,1,29,9,0,3,0,1,8391224.0,0,False,False,False,True,False
811,1,44,3,0,2,0,1,7843973.0,0,False,False,False,True,False
587,1,62,7,12128627,1,0,1,677692.0,0,False,False,False,True,False
811,1,28,4,16773882,2,1,1,990342.0,0,False,True,False,False,False
